pc_timestamp,elapsed_seconds,device_timestamp_ms,sample_index,emg_ch1,emg_ch2,emg_ch3,emg_ch4,emg_filt_ch1,emg_filt_ch2,emg_filt_ch3,emg_filt_ch4,movement_label,routine_step,trial_number,subject_id,board_id,sampling_rate_hz
2026-06-19T00:42:00.555,0.1058,151160,29929,1771,1767,1752,1751,-0.036636,0.233295,0.248766,0.052877,preparacion,1,1,S001,xiao_esp32s3_rtos_200hz,200
2026-06-19T00:42:00.556,0.1065,151165,29930,1727,1671,1727,1727,-0.036636,0.233295,0.248766,0.052877,preparacion,1,1,S001,xiao_esp32s3_rtos_200hz,200
2026-06-19T00:42:00.557,0.1075,151170,29931,1792,1828,1784,1765,-0.036636,0.233295,0.248766,0.052877,preparacion,1,1,S001,xiao_esp32s3_rtos_200hz,200
2026-06-19T00:42:00.557,0.1081,151175,29932,1785,1817,1764,1748,-0.036636,0.233295,0.248766,0.052877,preparacion,1,1,S001,xiao_esp32s3_rtos_200hz,200
2026-06-19T00:42:00.558,0.1087,151180,29933,1735,1677,1739,1735,-0.036636,0.233295,0.248766,0.052877,preparacion,1,1,S001,xiao_esp32s3_rtos_200hz,200
2026-06-19T00:42:00.559,0.1094,151185,29934,1768,1772,1771,1753,-0.036636,0.233295,0.248766,0.052877,preparacion,1,1,S001,xiao_esp32s3_rtos_200hz,200
2026-06-19T00:42:00.560,0.1106,151190,29935,1807,1854,1788,1762,-0.036636,0.233295,0.248766,0.052877,preparacion,1,1,S001,xiao_esp32s3_rtos_200hz,200
2026-06-19T00:42:00.561,0.1115,151195,29936,1742,1693,1737,1724,-0.036636,0.233295,0.248766,0.052877,preparacion,1,1,S001,xiao_esp32s3_rtos_200hz,200
2026-06-19T00:42:00.561,0.1123,151200,29937,1741,1709,1751,1739,-0.036636,0.233295,0.248766,0.052877,preparacion,1,1,S001,xiao_esp32s3_rtos_200hz,200
2026-06-19T00:42:00.562,0.1132,151205,29938,1842,1869,1816,1765,-0.036636,0.233295,0.248766,0.052877,preparacion,1,1,S001,xiao_esp32s3_rtos_200hz,200
2026-06-19T00:42:00.563,0.1140,151210,29939,1770,1788,1744,1745,-0.036636,0.233295,0.248766,0.052877,preparacion,1,1,S001,xiao_esp32s3_rtos_200hz,200
2026-06-19T00:42:00.564,0.1147,151215,29940,1727,1671,1733,1733,-0.036636,0.233295,0.248766,0.052877,preparacion,1,1,S001,xiao_esp32s3_rtos_200hz,200
2026-06-19T00:42:00.565,0.1155,151220,29941,1815,1823,1789,1766,-0.036636,0.233295,0.248766,0.052877,preparacion,1,1,S001,xiao_esp32s3_rtos_200hz,200
2026-06-19T00:42:00.565,0.1161,151225,29942,1789,1821,1776,1759,-0.036636,0.233295,0.248766,0.052877,preparacion,1,1,S001,xiao_esp32s3_rtos_200hz,200
2026-06-19T00:42:00.566,0.1168,151230,29943,1735,1663,1737,1727,-0.036636,0.233295,0.248766,0.052877,preparacion,1,1,S001,xiao_esp32s3_rtos_200hz,200
2026-06-19T00:42:00.567,0.1174,151235,29944,1761,1767,1791,1755,-0.036636,0.233295,0.248766,0.052877,preparacion,1,1,S001,xiao_esp32s3_rtos_200hz,200
2026-06-19T00:42:00.567,0.1181,151240,29945,1811,1854,1787,1758,-0.036636,0.233295,0.248766,0.052877,preparacion,1,1,S001,xiao_esp32s3_rtos_200hz,200
2026-06-19T00:42:00.568,0.1187,151245,29946,1745,1699,1770,1743,-0.036636,0.233295,0.248766,0.052877,preparacion,1,1,S001,xiao_esp32s3_rtos_200hz,200
2026-06-19T00:42:00.569,0.1194,151250,29947,1750,1709,1752,1745,-0.036636,0.233295,0.248766,0.052877,preparacion,1,1,S001,xiao_esp32s3_rtos_200hz,200
2026-06-19T00:42:00.569,0.1201,151255,29948,1819,1891,1800,1766,-0.036636,0.233295,0.248766,0.052877,preparacion,1,1,S001,xiao_esp32s3_rtos_200hz,200
2026-06-19T00:42:00.570,0.1207,151260,29949,1770,1769,1762,1740,-0.036636,0.233295,0.248766,0.052877,preparacion,1,1,S001,xiao_esp32s3_rtos_200hz,200
2026-06-19T00:42:00.571,0.1213,151265,29950,1733,1669,1735,1733,-0.036636,0.233295,0.248766,0.052877,preparacion,1,1,S001,xiao_esp32s3_rtos_200hz,200
2026-06-19T00:42:00.571,0.1219,151270,29951,1797,1832,1791,1767,-0.036636,0.233295,0.248766,0.052877,preparacion,1,1,S001,xiao_esp32s3_rtos_200hz,200
2026-06-19T00:42:00.572,0.1225,151275,29952,1816,1819,1756,1755,-0.036636,0.233295,0.248766,0.052877,preparacion,1,1,S001,xiao_esp32s3_rtos_200hz,200
2026-06-19T00:42:00.712,0.2631,151280,29953,1733,1676,1738,1751,-0.140089,0.658049,-0.344405,-0.501407,preparacion,1,1,S001,xiao_esp32s3_rtos_200hz,200
2026-06-19T00:42:00.713,0.2640,151285,29954,1789,1759,1769,1754,-0.140089,0.658049,-0.344405,-0.501407,preparacion,1,1,S001,xiao_esp32s3_rtos_200hz,200
2026-06-19T00:42:00.714,0.2651,151290,29955,1812,1880,1787,1773,-0.140089,0.658049,-0.344405,-0.501407,preparacion,1,1,S001,xiao_esp32s3_rtos_200hz,200
2026-06-19T00:42:00.715,0.2661,151295,29956,1753,1701,1739,1735,-0.140089,0.658049,-0.344405,-0.501407,preparacion,1,1,S001,xiao_esp32s3_rtos_200hz,200
2026-06-19T00:42:00.716,0.2669,151300,29957,1747,1726,1757,1763,-0.140089,0.658049,-0.344405,-0.501407,preparacion,1,1,S001,xiao_esp32s3_rtos_200hz,200
2026-06-19T00:42:00.717,0.2676,151305,29958,1805,1868,1797,1765,-0.140089,0.658049,-0.344405,-0.501407,preparacion,1,1,S001,xiao_esp32s3_rtos_200hz,200
2026-06-19T00:42:00.718,0.2684,151310,29959,1802,1773,1755,1739,-0.140089,0.658049,-0.344405,-0.501407,preparacion,1,1,S001,xiao_esp32s3_rtos_200hz,200
2026-06-19T00:42:00.718,0.2691,151315,29960,1748,1662,1740,1736,-0.140089,0.658049,-0.344405,-0.501407,preparacion,1,1,S001,xiao_esp32s3_rtos_200hz,200
2026-06-19T00:42:00.719,0.2698,151320,29961,1790,1823,1797,1764,-0.140089,0.658049,-0.344405,-0.501407,preparacion,1,1,S001,xiao_esp32s3_rtos_200hz,200
2026-06-19T00:42:00.720,0.2707,151325,29962,1791,1823,1769,1751,-0.140089,0.658049,-0.344405,-0.501407,preparacion,1,1,S001,xiao_esp32s3_rtos_200hz,200
2026-06-19T00:42:00.721,0.2714,151330,29963,1738,1661,1738,1735,-0.140089,0.658049,-0.344405,-0.501407,preparacion,1,1,S001,xiao_esp32s3_rtos_200hz,200
2026-06-19T00:42:00.721,0.2721,151335,29964,1763,1771,1768,1759,-0.140089,0.658049,-0.344405,-0.501407,preparacion,1,1,S001,xiao_esp32s3_rtos_200hz,200
2026-06-19T00:42:00.722,0.2730,151340,29965,1807,1873,1783,1755,-0.140089,0.658049,-0.344405,-0.501407,preparacion,1,1,S001,xiao_esp32s3_rtos_200hz,200
2026-06-19T00:42:00.723,0.2740,151345,29966,1764,1725,1760,1739,-0.140089,0.658049,-0.344405,-0.501407,preparacion,1,1,S001,xiao_esp32s3_rtos_200hz,200
2026-06-19T00:42:00.724,0.2750,151350,29967,1747,1703,1756,1741,-0.140089,0.658049,-0.344405,-0.501407,preparacion,1,1,S001,xiao_esp32s3_rtos_200hz,200
2026-06-19T00:42:00.725,0.2758,151355,29968,1808,1851,1797,1765,-0.140089,0.658049,-0.344405,-0.501407,preparacion,1,1,S001,xiao_esp32s3_rtos_200hz,200
2026-06-19T00:42:00.726,0.2765,151360,29969,1773,1789,1759,1759,-0.140089,0.658049,-0.344405,-0.501407,preparacion,1,1,S001,xiao_esp32s3_rtos_200hz,200
2026-06-19T00:42:00.727,0.2778,151365,29970,1733,1673,1739,1733,-0.140089,0.658049,-0.344405,-0.501407,preparacion,1,1,S001,xiao_esp32s3_rtos_200hz,200
2026-06-19T00:42:00.728,0.2788,151370,29971,1816,1834,1800,1769,-0.140089,0.658049,-0.344405,-0.501407,preparacion,1,1,S001,xiao_esp32s3_rtos_200hz,200
2026-06-19T00:42:00.729,0.2796,151375,29972,1789,1814,1756,1759,-0.140089,0.658049,-0.344405,-0.501407,preparacion,1,1,S001,xiao_esp32s3_rtos_200hz,200
2026-06-19T00:42:00.730,0.2804,151380,29973,1737,1675,1746,1738,-0.140089,0.658049,-0.344405,-0.501407,preparacion,1,1,S001,xiao_esp32s3_rtos_200hz,200
2026-06-19T00:42:00.730,0.2811,151385,29974,1766,1749,1770,1755,-0.140089,0.658049,-0.344405,-0.501407,preparacion,1,1,S001,xiao_esp32s3_rtos_200hz,200
2026-06-19T00:42:00.731,0.2819,151390,29975,1796,1865,1783,1757,-0.140089,0.658049,-0.344405,-0.501407,preparacion,1,1,S001,xiao_esp32s3_rtos_200hz,200
2026-06-19T00:42:00.732,0.2833,151395,29976,1747,1703,1743,1746,-0.140089,0.658049,-0.344405,-0.501407,preparacion,1,1,S001,xiao_esp32s3_rtos_200hz,200
2026-06-19T00:42:00.733,0.2840,151400,29977,1741,1707,1755,1767,-0.140089,0.658049,-0.344405,-0.501407,preparacion,1,1,S001,xiao_esp32s3_rtos_200hz,200
2026-06-19T00:42:00.734,0.2851,151405,29978,1807,1851,1796,1765,-0.140089,0.658049,-0.344405,-0.501407,preparacion,1,1,S001,xiao_esp32s3_rtos_200hz,200
2026-06-19T00:42:00.735,0.2860,151410,29979,1772,1767,1750,1767,-0.140089,0.658049,-0.344405,-0.501407,preparacion,1,1,S001,xiao_esp32s3_rtos_200hz,200
2026-06-19T00:42:00.736,0.2867,151415,29980,1739,1681,1740,1739,-0.140089,0.658049,-0.344405,-0.501407,preparacion,1,1,S001,xiao_esp32s3_rtos_200hz,200
2026-06-19T00:42:00.737,0.2874,151420,29981,1788,1823,1784,1764,-0.140089,0.658049,-0.344405,-0.501407,preparacion,1,1,S001,xiao_esp32s3_rtos_200hz,200
2026-06-19T00:42:00.737,0.2881,151425,29982,1791,1812,1765,1747,-0.140089,0.658049,-0.344405,-0.501407,preparacion,1,1,S001,xiao_esp32s3_rtos_200hz,200
2026-06-19T00:42:00.738,0.2888,151430,29983,1728,1676,1747,1737,-0.140089,0.658049,-0.344405,-0.501407,preparacion,1,1,S001,xiao_esp32s3_rtos_200hz,200
2026-06-19T00:42:00.739,0.2895,151435,29984,1765,1755,1769,1754,-0.140089,0.658049,-0.344405,-0.501407,preparacion,1,1,S001,xiao_esp32s3_rtos_200hz,200
2026-06-19T00:42:00.739,0.2903,151440,29985,1804,1876,1799,1759,-0.140089,0.658049,-0.344405,-0.501407,preparacion,1,1,S001,xiao_esp32s3_rtos_200hz,200
2026-06-19T00:42:00.740,0.2909,151445,29986,1749,1699,1740,1735,-0.140089,0.658049,-0.344405,-0.501407,preparacion,1,1,S001,xiao_esp32s3_rtos_200hz,200
2026-06-19T00:42:00.860,0.4105,151450,29987,1743,1712,1762,1744,-0.226568,1.136685,0.727265,0.431769,preparacion,1,1,S001,xiao_esp32s3_rtos_200hz,200
2026-06-19T00:42:00.860,0.4112,151455,29988,1807,1864,1785,1758,-0.226568,1.136685,0.727265,0.431769,preparacion,1,1,S001,xiao_esp32s3_rtos_200hz,200
2026-06-19T00:42:00.861,0.4121,151460,29989,1765,1771,1753,1742,-0.226568,1.136685,0.727265,0.431769,preparacion,1,1,S001,xiao_esp32s3_rtos_200hz,200
2026-06-19T00:42:00.863,0.4139,151465,29990,1727,1708,1767,1736,-0.226568,1.136685,0.727265,0.431769,preparacion,1,1,S001,xiao_esp32s3_rtos_200hz,200
2026-06-19T00:42:00.864,0.4147,151470,29991,1789,1812,1783,1765,-0.226568,1.136685,0.727265,0.431769,preparacion,1,1,S001,xiao_esp32s3_rtos_200hz,200
2026-06-19T00:42:00.865,0.4153,151475,29992,1826,1833,1784,1748,-0.226568,1.136685,0.727265,0.431769,preparacion,1,1,S001,xiao_esp32s3_rtos_200hz,200
2026-06-19T00:42:00.865,0.4160,151480,29993,1735,1674,1744,1755,-0.226568,1.136685,0.727265,0.431769,preparacion,1,1,S001,xiao_esp32s3_rtos_200hz,200
2026-06-19T00:42:00.866,0.4166,151485,29994,1766,1768,1775,1755,-0.226568,1.136685,0.727265,0.431769,preparacion,1,1,S001,xiao_esp32s3_rtos_200hz,200
2026-06-19T00:42:00.866,0.4172,151490,29995,1805,1864,1783,1752,-0.226568,1.136685,0.727265,0.431769,preparacion,1,1,S001,xiao_esp32s3_rtos_200hz,200
2026-06-19T00:42:00.867,0.4179,151495,29996,1750,1703,1739,1770,-0.226568,1.136685,0.727265,0.431769,preparacion,1,1,S001,xiao_esp32s3_rtos_200hz,200
2026-06-19T00:42:00.868,0.4185,151500,29997,1749,1709,1765,1746,-0.226568,1.136685,0.727265,0.431769,preparacion,1,1,S001,xiao_esp32s3_rtos_200hz,200
2026-06-19T00:42:00.868,0.4191,151505,29998,1805,1860,1782,1767,-0.226568,1.136685,0.727265,0.431769,preparacion,1,1,S001,xiao_esp32s3_rtos_200hz,200
2026-06-19T00:42:00.869,0.4203,151510,29999,1779,1771,1752,1735,-0.226568,1.136685,0.727265,0.431769,preparacion,1,1,S001,xiao_esp32s3_rtos_200hz,200
2026-06-19T00:42:00.870,0.4210,151515,30000,1738,1691,1747,1745,-0.226568,1.136685,0.727265,0.431769,preparacion,1,1,S001,xiao_esp32s3_rtos_200hz,200
2026-06-19T00:42:00.871,0.4217,151520,30001,1815,1817,1783,1765,-0.226568,1.136685,0.727265,0.431769,preparacion,1,1,S001,xiao_esp32s3_rtos_200hz,200
2026-06-19T00:42:00.872,0.4225,151525,30002,1785,1813,1767,1771,-0.226568,1.136685,0.727265,0.431769,preparacion,1,1,S001,xiao_esp32s3_rtos_200hz,200
2026-06-19T00:42:00.873,0.4234,151530,30003,1736,1673,1743,1735,-0.226568,1.136685,0.727265,0.431769,preparacion,1,1,S001,xiao_esp32s3_rtos_200hz,200
2026-06-19T00:42:00.873,0.4241,151535,30004,1775,1760,1787,1755,-0.226568,1.136685,0.727265,0.431769,preparacion,1,1,S001,xiao_esp32s3_rtos_200hz,200
2026-06-19T00:42:00.874,0.4248,151540,30005,1805,1852,1783,1762,-0.226568,1.136685,0.727265,0.431769,preparacion,1,1,S001,xiao_esp32s3_rtos_200hz,200
2026-06-19T00:42:00.875,0.4255,151545,30006,1749,1709,1741,1743,-0.226568,1.136685,0.727265,0.431769,preparacion,1,1,S001,xiao_esp32s3_rtos_200hz,200
2026-06-19T00:42:00.875,0.4261,151550,30007,1747,1706,1763,1747,-0.226568,1.136685,0.727265,0.431769,preparacion,1,1,S001,xiao_esp32s3_rtos_200hz,200
2026-06-19T00:42:00.876,0.4267,151555,30008,1836,1865,1785,1765,-0.226568,1.136685,0.727265,0.431769,preparacion,1,1,S001,xiao_esp32s3_rtos_200hz,200
2026-06-19T00:42:00.877,0.4274,151560,30009,1771,1800,1775,1743,-0.226568,1.136685,0.727265,0.431769,preparacion,1,1,S001,xiao_esp32s3_rtos_200hz,200
2026-06-19T00:42:00.877,0.4282,151565,30010,1737,1678,1747,1739,-0.226568,1.136685,0.727265,0.431769,preparacion,1,1,S001,xiao_esp32s3_rtos_200hz,200
2026-06-19T00:42:00.878,0.4289,151570,30011,1792,1834,1791,1768,-0.226568,1.136685,0.727265,0.431769,preparacion,1,1,S001,xiao_esp32s3_rtos_200hz,200
2026-06-19T00:42:00.879,0.4295,151575,30012,1790,1813,1759,1746,-0.226568,1.136685,0.727265,0.431769,preparacion,1,1,S001,xiao_esp32s3_rtos_200hz,200
2026-06-19T00:42:00.879,0.4302,151580,30013,1728,1679,1741,1736,-0.226568,1.136685,0.727265,0.431769,preparacion,1,1,S001,xiao_esp32s3_rtos_200hz,200
2026-06-19T00:42:00.880,0.4307,151585,30014,1757,1778,1776,1757,-0.226568,1.136685,0.727265,0.431769,preparacion,1,1,S001,xiao_esp32s3_rtos_200hz,200
2026-06-19T00:42:00.992,0.5429,151590,30015,1809,1871,1776,1762,0.275935,0.133655,0.056861,-0.029000,preparacion,1,1,S001,xiao_esp32s3_rtos_200hz,200
2026-06-19T00:42:00.993,0.5436,151595,30016,1749,1708,1741,1751,0.275935,0.133655,0.056861,-0.029000,preparacion,1,1,S001,xiao_esp32s3_rtos_200hz,200
2026-06-19T00:42:00.994,0.5443,151600,30017,1759,1699,1762,1746,0.275935,0.133655,0.056861,-0.029000,preparacion,1,1,S001,xiao_esp32s3_rtos_200hz,200
2026-06-19T00:42:00.995,0.5461,151605,30018,1847,1871,1792,1767,0.275935,0.133655,0.056861,-0.029000,preparacion,1,1,S001,xiao_esp32s3_rtos_200hz,200
2026-06-19T00:42:00.998,0.5484,151610,30019,1773,1769,1767,1755,0.275935,0.133655,0.056861,-0.029000,preparacion,1,1,S001,xiao_esp32s3_rtos_200hz,200
2026-06-19T00:42:01.000,0.5504,151615,30020,1734,1676,1749,1737,0.275935,0.133655,0.056861,-0.029000,preparacion,1,1,S001,xiao_esp32s3_rtos_200hz,200
2026-06-19T00:42:01.001,0.5514,151620,30021,1791,1831,1799,1764,0.275935,0.133655,0.056861,-0.029000,preparacion,1,1,S001,xiao_esp32s3_rtos_200hz,200
2026-06-19T00:42:01.001,0.5521,151625,30022,1797,1820,1762,1746,0.275935,0.133655,0.056861,-0.029000,preparacion,1,1,S001,xiao_esp32s3_rtos_200hz,200
2026-06-19T00:42:01.002,0.5529,151630,30023,1737,1673,1747,1741,0.275935,0.133655,0.056861,-0.029000,preparacion,1,1,S001,xiao_esp32s3_rtos_200hz,200
2026-06-19T00:42:01.003,0.5536,151635,30024,1771,1759,1769,1751,0.275935,0.133655,0.056861,-0.029000,preparacion,1,1,S001,xiao_esp32s3_rtos_200hz,200
2026-06-19T00:42:01.004,0.5543,151640,30025,1811,1865,1779,1753,0.275935,0.133655,0.056861,-0.029000,preparacion,1,1,S001,xiao_esp32s3_rtos_200hz,200
2026-06-19T00:42:01.004,0.5550,151645,30026,1748,1711,1747,1737,0.275935,0.133655,0.056861,-0.029000,preparacion,1,1,S001,xiao_esp32s3_rtos_200hz,200
2026-06-19T00:42:01.005,0.5557,151650,30027,1742,1727,1771,1751,0.275935,0.133655,0.056861,-0.029000,preparacion,1,1,S001,xiao_esp32s3_rtos_200hz,200
2026-06-19T00:42:01.006,0.5564,151655,30028,1811,1848,1785,1763,0.275935,0.133655,0.056861,-0.029000,preparacion,1,1,S001,xiao_esp32s3_rtos_200hz,200
2026-06-19T00:42:01.006,0.5571,151660,30029,1775,1781,1754,1743,0.275935,0.133655,0.056861,-0.029000,preparacion,1,1,S001,xiao_esp32s3_rtos_200hz,200
2026-06-19T00:42:01.007,0.5579,151665,30030,1733,1673,1743,1751,0.275935,0.133655,0.056861,-0.029000,preparacion,1,1,S001,xiao_esp32s3_rtos_200hz,200
2026-06-19T00:42:01.008,0.5586,151670,30031,1788,1815,1786,1759,0.275935,0.133655,0.056861,-0.029000,preparacion,1,1,S001,xiao_esp32s3_rtos_200hz,200
2026-06-19T00:42:01.009,0.5593,151675,30032,1813,1812,1771,1756,0.275935,0.133655,0.056861,-0.029000,preparacion,1,1,S001,xiao_esp32s3_rtos_200hz,200
2026-06-19T00:42:01.009,0.5600,151680,30033,1739,1677,1775,1752,0.275935,0.133655,0.056861,-0.029000,preparacion,1,1,S001,xiao_esp32s3_rtos_200hz,200
2026-06-19T00:42:01.010,0.5608,151685,30034,1764,1763,1771,1755,0.275935,0.133655,0.056861,-0.029000,preparacion,1,1,S001,xiao_esp32s3_rtos_200hz,200
2026-06-19T00:42:01.011,0.5616,151690,30035,1839,1864,1766,1757,0.275935,0.133655,0.056861,-0.029000,preparacion,1,1,S001,xiao_esp32s3_rtos_200hz,200
2026-06-19T00:42:01.012,0.5627,151695,30036,1751,1709,1743,1739,0.275935,0.133655,0.056861,-0.029000,preparacion,1,1,S001,xiao_esp32s3_rtos_200hz,200
2026-06-19T00:42:01.013,0.5636,151700,30037,1743,1703,1762,1748,0.275935,0.133655,0.056861,-0.029000,preparacion,1,1,S001,xiao_esp32s3_rtos_200hz,200
2026-06-19T00:42:01.014,0.5643,151705,30038,1805,1867,1776,1776,0.275935,0.133655,0.056861,-0.029000,preparacion,1,1,S001,xiao_esp32s3_rtos_200hz,200
2026-06-19T00:42:01.014,0.5651,151710,30039,1771,1775,1752,1747,0.275935,0.133655,0.056861,-0.029000,preparacion,1,1,S001,xiao_esp32s3_rtos_200hz,200
2026-06-19T00:42:01.015,0.5662,151715,30040,1727,1679,1755,1728,0.275935,0.133655,0.056861,-0.029000,preparacion,1,1,S001,xiao_esp32s3_rtos_200hz,200
2026-06-19T00:42:01.017,0.5675,151720,30041,1781,1837,1794,1775,0.275935,0.133655,0.056861,-0.029000,preparacion,1,1,S001,xiao_esp32s3_rtos_200hz,200
2026-06-19T00:42:01.141,0.6920,151725,30042,1794,1844,1775,1742,0.220768,-0.912367,0.125175,0.272902,preparacion,1,1,S001,xiao_esp32s3_rtos_200hz,200
2026-06-19T00:42:01.142,0.6932,151730,30043,1740,1678,1743,1738,0.220768,-0.912367,0.125175,0.272902,preparacion,1,1,S001,xiao_esp32s3_rtos_200hz,200
2026-06-19T00:42:01.143,0.6942,151735,30044,1768,1763,1773,1754,0.220768,-0.912367,0.125175,0.272902,preparacion,1,1,S001,xiao_esp32s3_rtos_200hz,200
2026-06-19T00:42:01.144,0.6951,151740,30045,1810,1871,1795,1768,0.220768,-0.912367,0.125175,0.272902,preparacion,1,1,S001,xiao_esp32s3_rtos_200hz,200
2026-06-19T00:42:01.145,0.6958,151745,30046,1755,1708,1741,1735,0.220768,-0.912367,0.125175,0.272902,preparacion,1,1,S001,xiao_esp32s3_rtos_200hz,200
2026-06-19T00:42:01.146,0.6965,151750,30047,1749,1701,1757,1745,0.220768,-0.912367,0.125175,0.272902,preparacion,1,1,S001,xiao_esp32s3_rtos_200hz,200
2026-06-19T00:42:01.146,0.6972,151755,30048,1834,1872,1781,1763,0.220768,-0.912367,0.125175,0.272902,preparacion,1,1,S001,xiao_esp32s3_rtos_200hz,200
2026-06-19T00:42:01.147,0.6979,151760,30049,1804,1779,1774,1746,0.220768,-0.912367,0.125175,0.272902,preparacion,1,1,S001,xiao_esp32s3_rtos_200hz,200
2026-06-19T00:42:01.148,0.6987,151765,30050,1734,1680,1755,1739,0.220768,-0.912367,0.125175,0.272902,preparacion,1,1,S001,xiao_esp32s3_rtos_200hz,200
2026-06-19T00:42:01.149,0.6994,151770,30051,1783,1810,1783,1767,0.220768,-0.912367,0.125175,0.272902,preparacion,1,1,S001,xiao_esp32s3_rtos_200hz,200
2026-06-19T00:42:01.149,0.7001,151775,30052,1797,1817,1757,1751,0.220768,-0.912367,0.125175,0.272902,preparacion,1,1,S001,xiao_esp32s3_rtos_200hz,200
2026-06-19T00:42:01.150,0.7010,151780,30053,1737,1678,1741,1740,0.220768,-0.912367,0.125175,0.272902,preparacion,1,1,S001,xiao_esp32s3_rtos_200hz,200
2026-06-19T00:42:01.151,0.7019,151785,30054,1765,1753,1773,1751,0.220768,-0.912367,0.125175,0.272902,preparacion,1,1,S001,xiao_esp32s3_rtos_200hz,200
2026-06-19T00:42:01.153,0.7033,151790,30055,1819,1856,1785,1757,0.220768,-0.912367,0.125175,0.272902,preparacion,1,1,S001,xiao_esp32s3_rtos_200hz,200
2026-06-19T00:42:01.154,0.7043,151795,30056,1759,1710,1748,1739,0.220768,-0.912367,0.125175,0.272902,preparacion,1,1,S001,xiao_esp32s3_rtos_200hz,200
2026-06-19T00:42:01.155,0.7054,151800,30057,1739,1707,1752,1751,0.220768,-0.912367,0.125175,0.272902,preparacion,1,1,S001,xiao_esp32s3_rtos_200hz,200
2026-06-19T00:42:01.156,0.7066,151805,30058,1804,1861,1779,1758,0.220768,-0.912367,0.125175,0.272902,preparacion,1,1,S001,xiao_esp32s3_rtos_200hz,200
2026-06-19T00:42:01.157,0.7077,151810,30059,1781,1779,1752,1741,0.220768,-0.912367,0.125175,0.272902,preparacion,1,1,S001,xiao_esp32s3_rtos_200hz,200
2026-06-19T00:42:01.158,0.7088,151815,30060,1741,1673,1747,1740,0.220768,-0.912367,0.125175,0.272902,preparacion,1,1,S001,xiao_esp32s3_rtos_200hz,200
2026-06-19T00:42:01.159,0.7100,151820,30061,1788,1823,1791,1763,0.220768,-0.912367,0.125175,0.272902,preparacion,1,1,S001,xiao_esp32s3_rtos_200hz,200
2026-06-19T00:42:01.160,0.7111,151825,30062,1791,1817,1771,1762,0.220768,-0.912367,0.125175,0.272902,preparacion,1,1,S001,xiao_esp32s3_rtos_200hz,200
2026-06-19T00:42:01.161,0.7122,151830,30063,1737,1679,1741,1736,0.220768,-0.912367,0.125175,0.272902,preparacion,1,1,S001,xiao_esp32s3_rtos_200hz,200
2026-06-19T00:42:01.163,0.7133,151835,30064,1763,1751,1771,1754,0.220768,-0.912367,0.125175,0.272902,preparacion,1,1,S001,xiao_esp32s3_rtos_200hz,200
2026-06-19T00:42:01.164,0.7144,151840,30065,1808,1872,1783,1763,0.220768,-0.912367,0.125175,0.272902,preparacion,1,1,S001,xiao_esp32s3_rtos_200hz,200
2026-06-19T00:42:01.165,0.7154,151845,30066,1754,1706,1741,1736,0.220768,-0.912367,0.125175,0.272902,preparacion,1,1,S001,xiao_esp32s3_rtos_200hz,200
2026-06-19T00:42:01.166,0.7166,151850,30067,1737,1709,1759,1746,0.220768,-0.912367,0.125175,0.272902,preparacion,1,1,S001,xiao_esp32s3_rtos_200hz,200
2026-06-19T00:42:01.167,0.7177,151855,30068,1810,1843,1787,1764,0.220768,-0.912367,0.125175,0.272902,preparacion,1,1,S001,xiao_esp32s3_rtos_200hz,200
2026-06-19T00:42:01.168,0.7187,151860,30069,1771,1773,1772,1751,0.220768,-0.912367,0.125175,0.272902,preparacion,1,1,S001,xiao_esp32s3_rtos_200hz,200
2026-06-19T00:42:01.169,0.7199,151865,30070,1734,1673,1747,1737,0.220768,-0.912367,0.125175,0.272902,preparacion,1,1,S001,xiao_esp32s3_rtos_200hz,200
2026-06-19T00:42:01.170,0.7211,151870,30071,1783,1837,1781,1765,0.220768,-0.912367,0.125175,0.272902,preparacion,1,1,S001,xiao_esp32s3_rtos_200hz,200
2026-06-19T00:42:01.172,0.7231,151875,30072,1791,1816,1783,1772,0.220768,-0.912367,0.125175,0.272902,preparacion,1,1,S001,xiao_esp32s3_rtos_200hz,200
2026-06-19T00:42:01.174,0.7244,151880,30073,1737,1670,1747,1739,0.220768,-0.912367,0.125175,0.272902,preparacion,1,1,S001,xiao_esp32s3_rtos_200hz,200
2026-06-19T00:42:01.292,0.8430,151885,30074,1767,1767,1768,1779,0.675680,0.985602,0.224420,0.296729,preparacion,1,1,S001,xiao_esp32s3_rtos_200hz,200
2026-06-19T00:42:01.293,0.8438,151890,30075,1811,1867,1779,1755,0.675680,0.985602,0.224420,0.296729,preparacion,1,1,S001,xiao_esp32s3_rtos_200hz,200
2026-06-19T00:42:01.294,0.8445,151895,30076,1767,1744,1752,1741,0.675680,0.985602,0.224420,0.296729,preparacion,1,1,S001,xiao_esp32s3_rtos_200hz,200
2026-06-19T00:42:01.294,0.8452,151900,30077,1755,1720,1759,1751,0.675680,0.985602,0.224420,0.296729,preparacion,1,1,S001,xiao_esp32s3_rtos_200hz,200
2026-06-19T00:42:01.295,0.8459,151905,30078,1805,1845,1789,1776,0.675680,0.985602,0.224420,0.296729,preparacion,1,1,S001,xiao_esp32s3_rtos_200hz,200
2026-06-19T00:42:01.296,0.8468,151910,30079,1773,1783,1752,1739,0.675680,0.985602,0.224420,0.296729,preparacion,1,1,S001,xiao_esp32s3_rtos_200hz,200
2026-06-19T00:42:01.297,0.8475,151915,30080,1725,1675,1751,1740,0.675680,0.985602,0.224420,0.296729,preparacion,1,1,S001,xiao_esp32s3_rtos_200hz,200
2026-06-19T00:42:01.297,0.8481,151920,30081,1783,1811,1780,1776,0.675680,0.985602,0.224420,0.296729,preparacion,1,1,S001,xiao_esp32s3_rtos_200hz,200
2026-06-19T00:42:01.298,0.8488,151925,30082,1799,1819,1765,1743,0.675680,0.985602,0.224420,0.296729,preparacion,1,1,S001,xiao_esp32s3_rtos_200hz,200
2026-06-19T00:42:01.299,0.8494,151930,30083,1743,1678,1740,1737,0.675680,0.985602,0.224420,0.296729,preparacion,1,1,S001,xiao_esp32s3_rtos_200hz,200
2026-06-19T00:42:01.299,0.8501,151935,30084,1757,1765,1779,1753,0.675680,0.985602,0.224420,0.296729,preparacion,1,1,S001,xiao_esp32s3_rtos_200hz,200
2026-06-19T00:42:01.300,0.8507,151940,30085,1809,1853,1783,1757,0.675680,0.985602,0.224420,0.296729,preparacion,1,1,S001,xiao_esp32s3_rtos_200hz,200
2026-06-19T00:42:01.301,0.8513,151945,30086,1755,1715,1742,1739,0.675680,0.985602,0.224420,0.296729,preparacion,1,1,S001,xiao_esp32s3_rtos_200hz,200
2026-06-19T00:42:01.301,0.8520,151950,30087,1775,1711,1763,1747,0.675680,0.985602,0.224420,0.296729,preparacion,1,1,S001,xiao_esp32s3_rtos_200hz,200
2026-06-19T00:42:01.303,0.8533,151955,30088,1808,1872,1791,1757,0.675680,0.985602,0.224420,0.296729,preparacion,1,1,S001,xiao_esp32s3_rtos_200hz,200
2026-06-19T00:42:01.303,0.8541,151960,30089,1772,1780,1754,1737,0.675680,0.985602,0.224420,0.296729,preparacion,1,1,S001,xiao_esp32s3_rtos_200hz,200
2026-06-19T00:42:01.304,0.8547,151965,30090,1734,1678,1755,1751,0.675680,0.985602,0.224420,0.296729,preparacion,1,1,S001,xiao_esp32s3_rtos_200hz,200
2026-06-19T00:42:01.305,0.8556,151970,30091,1785,1805,1782,1756,0.675680,0.985602,0.224420,0.296729,preparacion,1,1,S001,xiao_esp32s3_rtos_200hz,200
2026-06-19T00:42:01.306,0.8563,151975,30092,1800,1815,1766,1749,0.675680,0.985602,0.224420,0.296729,preparacion,1,1,S001,xiao_esp32s3_rtos_200hz,200
2026-06-19T00:42:01.306,0.8571,151980,30093,1735,1679,1759,1744,0.675680,0.985602,0.224420,0.296729,preparacion,1,1,S001,xiao_esp32s3_rtos_200hz,200
2026-06-19T00:42:01.307,0.8579,151985,30094,1763,1748,1768,1755,0.675680,0.985602,0.224420,0.296729,preparacion,1,1,S001,xiao_esp32s3_rtos_200hz,200
2026-06-19T00:42:01.308,0.8588,151990,30095,1805,1855,1780,1757,0.675680,0.985602,0.224420,0.296729,preparacion,1,1,S001,xiao_esp32s3_rtos_200hz,200
2026-06-19T00:42:01.309,0.8595,151995,30096,1771,1743,1737,1737,0.675680,0.985602,0.224420,0.296729,preparacion,1,1,S001,xiao_esp32s3_rtos_200hz,200
2026-06-19T00:42:01.310,0.8603,152000,30097,1743,1715,1761,1741,0.675680,0.985602,0.224420,0.296729,preparacion,1,1,S001,xiao_esp32s3_rtos_200hz,200
2026-06-19T00:42:01.311,0.8614,152005,30098,1800,1852,1787,1762,0.675680,0.985602,0.224420,0.296729,preparacion,1,1,S001,xiao_esp32s3_rtos_200hz,200
2026-06-19T00:42:01.311,0.8621,152010,30099,1779,1776,1759,1751,0.675680,0.985602,0.224420,0.296729,preparacion,1,1,S001,xiao_esp32s3_rtos_200hz,200
2026-06-19T00:42:01.312,0.8627,152015,30100,1735,1667,1748,1739,0.675680,0.985602,0.224420,0.296729,preparacion,1,1,S001,xiao_esp32s3_rtos_200hz,200
2026-06-19T00:42:01.415,0.9660,152020,30101,1783,1805,1783,1779,0.313427,0.688874,0.130388,-0.536155,preparacion,1,1,S001,xiao_esp32s3_rtos_200hz,200
2026-06-19T00:42:01.416,0.9669,152025,30102,1789,1823,1765,1746,0.313427,0.688874,0.130388,-0.536155,preparacion,1,1,S001,xiao_esp32s3_rtos_200hz,200
2026-06-19T00:42:01.417,0.9678,152030,30103,1739,1683,1747,1740,0.313427,0.688874,0.130388,-0.536155,preparacion,1,1,S001,xiao_esp32s3_rtos_200hz,200
2026-06-19T00:42:01.418,0.9687,152035,30104,1787,1751,1767,1753,0.313427,0.688874,0.130388,-0.536155,preparacion,1,1,S001,xiao_esp32s3_rtos_200hz,200
2026-06-19T00:42:01.419,0.9694,152040,30105,1823,1876,1775,1754,0.313427,0.688874,0.130388,-0.536155,preparacion,1,1,S001,xiao_esp32s3_rtos_200hz,200
2026-06-19T00:42:01.419,0.9701,152045,30106,1755,1719,1746,1733,0.313427,0.688874,0.130388,-0.536155,preparacion,1,1,S001,xiao_esp32s3_rtos_200hz,200
2026-06-19T00:42:01.420,0.9707,152050,30107,1747,1703,1763,1747,0.313427,0.688874,0.130388,-0.536155,preparacion,1,1,S001,xiao_esp32s3_rtos_200hz,200
2026-06-19T00:42:01.421,0.9714,152055,30108,1802,1851,1781,1775,0.313427,0.688874,0.130388,-0.536155,preparacion,1,1,S001,xiao_esp32s3_rtos_200hz,200
2026-06-19T00:42:01.421,0.9722,152060,30109,1776,1800,1755,1739,0.313427,0.688874,0.130388,-0.536155,preparacion,1,1,S001,xiao_esp32s3_rtos_200hz,200
2026-06-19T00:42:01.422,0.9733,152065,30110,1727,1675,1759,1741,0.313427,0.688874,0.130388,-0.536155,preparacion,1,1,S001,xiao_esp32s3_rtos_200hz,200
2026-06-19T00:42:01.423,0.9740,152070,30111,1785,1807,1784,1758,0.313427,0.688874,0.130388,-0.536155,preparacion,1,1,S001,xiao_esp32s3_rtos_200hz,200
2026-06-19T00:42:01.424,0.9747,152075,30112,1799,1828,1765,1751,0.313427,0.688874,0.130388,-0.536155,preparacion,1,1,S001,xiao_esp32s3_rtos_200hz,200
2026-06-19T00:42:01.425,0.9753,152080,30113,1744,1677,1749,1738,0.313427,0.688874,0.130388,-0.536155,preparacion,1,1,S001,xiao_esp32s3_rtos_200hz,200
2026-06-19T00:42:01.425,0.9760,152085,30114,1759,1746,1767,1767,0.313427,0.688874,0.130388,-0.536155,preparacion,1,1,S001,xiao_esp32s3_rtos_200hz,200
2026-06-19T00:42:01.426,0.9767,152090,30115,1812,1865,1781,1759,0.313427,0.688874,0.130388,-0.536155,preparacion,1,1,S001,xiao_esp32s3_rtos_200hz,200
2026-06-19T00:42:01.427,0.9776,152095,30116,1771,1736,1744,1736,0.313427,0.688874,0.130388,-0.536155,preparacion,1,1,S001,xiao_esp32s3_rtos_200hz,200
2026-06-19T00:42:01.428,0.9783,152100,30117,1740,1711,1775,1742,0.313427,0.688874,0.130388,-0.536155,preparacion,1,1,S001,xiao_esp32s3_rtos_200hz,200
2026-06-19T00:42:01.428,0.9790,152105,30118,1811,1853,1783,1757,0.313427,0.688874,0.130388,-0.536155,preparacion,1,1,S001,xiao_esp32s3_rtos_200hz,200
2026-06-19T00:42:01.429,0.9797,152110,30119,1779,1781,1754,1739,0.313427,0.688874,0.130388,-0.536155,preparacion,1,1,S001,xiao_esp32s3_rtos_200hz,200
2026-06-19T00:42:01.430,0.9803,152115,30120,1725,1687,1747,1739,0.313427,0.688874,0.130388,-0.536155,preparacion,1,1,S001,xiao_esp32s3_rtos_200hz,200
2026-06-19T00:42:01.430,0.9810,152120,30121,1781,1815,1800,1783,0.313427,0.688874,0.130388,-0.536155,preparacion,1,1,S001,xiao_esp32s3_rtos_200hz,200
2026-06-19T00:42:01.431,0.9818,152125,30122,1785,1820,1761,1755,0.313427,0.688874,0.130388,-0.536155,preparacion,1,1,S001,xiao_esp32s3_rtos_200hz,200
2026-06-19T00:42:01.432,0.9826,152130,30123,1734,1676,1745,1737,0.313427,0.688874,0.130388,-0.536155,preparacion,1,1,S001,xiao_esp32s3_rtos_200hz,200
2026-06-19T00:42:01.433,0.9833,152135,30124,1755,1755,1783,1754,0.313427,0.688874,0.130388,-0.536155,preparacion,1,1,S001,xiao_esp32s3_rtos_200hz,200
2026-06-19T00:42:01.433,0.9840,152140,30125,1805,1855,1784,1762,0.313427,0.688874,0.130388,-0.536155,preparacion,1,1,S001,xiao_esp32s3_rtos_200hz,200
2026-06-19T00:42:01.553,1.1038,152145,30126,1753,1721,1746,1727,-0.160670,-0.618680,-0.223611,-0.159446,preparacion,1,1,S001,xiao_esp32s3_rtos_200hz,200
2026-06-19T00:42:01.554,1.1045,152150,30127,1741,1687,1756,1745,-0.160670,-0.618680,-0.223611,-0.159446,preparacion,1,1,S001,xiao_esp32s3_rtos_200hz,200
2026-06-19T00:42:01.554,1.1052,152155,30128,1823,1855,1784,1782,-0.160670,-0.618680,-0.223611,-0.159446,preparacion,1,1,S001,xiao_esp32s3_rtos_200hz,200
2026-06-19T00:42:01.555,1.1059,152160,30129,1775,1779,1760,1751,-0.160670,-0.618680,-0.223611,-0.159446,preparacion,1,1,S001,xiao_esp32s3_rtos_200hz,200
2026-06-19T00:42:01.556,1.1066,152165,30130,1734,1689,1743,1743,-0.160670,-0.618680,-0.223611,-0.159446,preparacion,1,1,S001,xiao_esp32s3_rtos_200hz,200
2026-06-19T00:42:01.557,1.1075,152170,30131,1783,1804,1787,1754,-0.160670,-0.618680,-0.223611,-0.159446,preparacion,1,1,S001,xiao_esp32s3_rtos_200hz,200
2026-06-19T00:42:01.558,1.1085,152175,30132,1819,1824,1759,1749,-0.160670,-0.618680,-0.223611,-0.159446,preparacion,1,1,S001,xiao_esp32s3_rtos_200hz,200
2026-06-19T00:42:01.559,1.1093,152180,30133,1727,1663,1746,1736,-0.160670,-0.618680,-0.223611,-0.159446,preparacion,1,1,S001,xiao_esp32s3_rtos_200hz,200
2026-06-19T00:42:01.559,1.1103,152185,30134,1753,1752,1766,1755,-0.160670,-0.618680,-0.223611,-0.159446,preparacion,1,1,S001,xiao_esp32s3_rtos_200hz,200
2026-06-19T00:42:01.560,1.1112,152190,30135,1811,1868,1779,1753,-0.160670,-0.618680,-0.223611,-0.159446,preparacion,1,1,S001,xiao_esp32s3_rtos_200hz,200
2026-06-19T00:42:01.561,1.1122,152195,30136,1755,1702,1743,1733,-0.160670,-0.618680,-0.223611,-0.159446,preparacion,1,1,S001,xiao_esp32s3_rtos_200hz,200
2026-06-19T00:42:01.562,1.1132,152200,30137,1743,1704,1763,1750,-0.160670,-0.618680,-0.223611,-0.159446,preparacion,1,1,S001,xiao_esp32s3_rtos_200hz,200
2026-06-19T00:42:01.563,1.1142,152205,30138,1803,1848,1780,1772,-0.160670,-0.618680,-0.223611,-0.159446,preparacion,1,1,S001,xiao_esp32s3_rtos_200hz,200
2026-06-19T00:42:01.565,1.1154,152210,30139,1774,1779,1762,1748,-0.160670,-0.618680,-0.223611,-0.159446,preparacion,1,1,S001,xiao_esp32s3_rtos_200hz,200
2026-06-19T00:42:01.566,1.1165,152215,30140,1734,1698,1755,1767,-0.160670,-0.618680,-0.223611,-0.159446,preparacion,1,1,S001,xiao_esp32s3_rtos_200hz,200
2026-06-19T00:42:01.567,1.1175,152220,30141,1779,1802,1787,1768,-0.160670,-0.618680,-0.223611,-0.159446,preparacion,1,1,S001,xiao_esp32s3_rtos_200hz,200
2026-06-19T00:42:01.568,1.1186,152225,30142,1800,1823,1768,1748,-0.160670,-0.618680,-0.223611,-0.159446,preparacion,1,1,S001,xiao_esp32s3_rtos_200hz,200
2026-06-19T00:42:01.569,1.1197,152230,30143,1735,1677,1741,1743,-0.160670,-0.618680,-0.223611,-0.159446,preparacion,1,1,S001,xiao_esp32s3_rtos_200hz,200
2026-06-19T00:42:01.570,1.1208,152235,30144,1763,1748,1769,1753,-0.160670,-0.618680,-0.223611,-0.159446,preparacion,1,1,S001,xiao_esp32s3_rtos_200hz,200
2026-06-19T00:42:01.571,1.1219,152240,30145,1815,1878,1780,1757,-0.160670,-0.618680,-0.223611,-0.159446,preparacion,1,1,S001,xiao_esp32s3_rtos_200hz,200
2026-06-19T00:42:01.572,1.1230,152245,30146,1765,1735,1741,1735,-0.160670,-0.618680,-0.223611,-0.159446,preparacion,1,1,S001,xiao_esp32s3_rtos_200hz,200
2026-06-19T00:42:01.573,1.1237,152250,30147,1743,1698,1772,1735,-0.160670,-0.618680,-0.223611,-0.159446,preparacion,1,1,S001,xiao_esp32s3_rtos_200hz,200
2026-06-19T00:42:01.574,1.1244,152255,30148,1803,1856,1787,1771,-0.160670,-0.618680,-0.223611,-0.159446,preparacion,1,1,S001,xiao_esp32s3_rtos_200hz,200
2026-06-19T00:42:01.574,1.1250,152260,30149,1775,1781,1749,1743,-0.160670,-0.618680,-0.223611,-0.159446,preparacion,1,1,S001,xiao_esp32s3_rtos_200hz,200
2026-06-19T00:42:01.575,1.1258,152265,30150,1733,1663,1747,1738,-0.160670,-0.618680,-0.223611,-0.159446,preparacion,1,1,S001,xiao_esp32s3_rtos_200hz,200
2026-06-19T00:42:01.576,1.1265,152270,30151,1800,1815,1783,1759,-0.160670,-0.618680,-0.223611,-0.159446,preparacion,1,1,S001,xiao_esp32s3_rtos_200hz,200
2026-06-19T00:42:01.577,1.1273,152275,30152,1828,1839,1775,1751,-0.160670,-0.618680,-0.223611,-0.159446,preparacion,1,1,S001,xiao_esp32s3_rtos_200hz,200
2026-06-19T00:42:01.577,1.1280,152280,30153,1759,1703,1751,1739,-0.160670,-0.618680,-0.223611,-0.159446,preparacion,1,1,S001,xiao_esp32s3_rtos_200hz,200
2026-06-19T00:42:01.578,1.1287,152285,30154,1763,1736,1773,1752,-0.160670,-0.618680,-0.223611,-0.159446,preparacion,1,1,S001,xiao_esp32s3_rtos_200hz,200
2026-06-19T00:42:01.686,1.2363,152290,30155,1809,1868,1782,1773,-0.195194,0.146573,-0.094797,-0.217477,preparacion,1,1,S001,xiao_esp32s3_rtos_200hz,200
2026-06-19T00:42:01.686,1.2370,152295,30156,1758,1723,1774,1743,-0.195194,0.146573,-0.094797,-0.217477,preparacion,1,1,S001,xiao_esp32s3_rtos_200hz,200
2026-06-19T00:42:01.687,1.2377,152300,30157,1741,1691,1755,1743,-0.195194,0.146573,-0.094797,-0.217477,preparacion,1,1,S001,xiao_esp32s3_rtos_200hz,200
2026-06-19T00:42:01.688,1.2384,152305,30158,1792,1874,1787,1762,-0.195194,0.146573,-0.094797,-0.217477,preparacion,1,1,S001,xiao_esp32s3_rtos_200hz,200
2026-06-19T00:42:01.688,1.2391,152310,30159,1787,1800,1769,1761,-0.195194,0.146573,-0.094797,-0.217477,preparacion,1,1,S001,xiao_esp32s3_rtos_200hz,200
2026-06-19T00:42:01.689,1.2397,152315,30160,1726,1664,1767,1741,-0.195194,0.146573,-0.094797,-0.217477,preparacion,1,1,S001,xiao_esp32s3_rtos_200hz,200
2026-06-19T00:42:01.690,1.2404,152320,30161,1779,1805,1781,1755,-0.195194,0.146573,-0.094797,-0.217477,preparacion,1,1,S001,xiao_esp32s3_rtos_200hz,200
2026-06-19T00:42:01.690,1.2410,152325,30162,1784,1835,1769,1747,-0.195194,0.146573,-0.094797,-0.217477,preparacion,1,1,S001,xiao_esp32s3_rtos_200hz,200
2026-06-19T00:42:01.691,1.2416,152330,30163,1728,1673,1743,1737,-0.195194,0.146573,-0.094797,-0.217477,preparacion,1,1,S001,xiao_esp32s3_rtos_200hz,200
2026-06-19T00:42:01.691,1.2423,152335,30164,1775,1743,1771,1751,-0.195194,0.146573,-0.094797,-0.217477,preparacion,1,1,S001,xiao_esp32s3_rtos_200hz,200
2026-06-19T00:42:01.692,1.2429,152340,30165,1804,1879,1784,1759,-0.195194,0.146573,-0.094797,-0.217477,preparacion,1,1,S001,xiao_esp32s3_rtos_200hz,200
2026-06-19T00:42:01.693,1.2437,152345,30166,1757,1728,1755,1759,-0.195194,0.146573,-0.094797,-0.217477,preparacion,1,1,S001,xiao_esp32s3_rtos_200hz,200
2026-06-19T00:42:01.694,1.2444,152350,30167,1747,1691,1753,1780,-0.195194,0.146573,-0.094797,-0.217477,preparacion,1,1,S001,xiao_esp32s3_rtos_200hz,200
2026-06-19T00:42:01.694,1.2451,152355,30168,1805,1853,1785,1757,-0.195194,0.146573,-0.094797,-0.217477,preparacion,1,1,S001,xiao_esp32s3_rtos_200hz,200
2026-06-19T00:42:01.695,1.2456,152360,30169,1783,1765,1755,1740,-0.195194,0.146573,-0.094797,-0.217477,preparacion,1,1,S001,xiao_esp32s3_rtos_200hz,200
2026-06-19T00:42:01.695,1.2462,152365,30170,1728,1687,1743,1736,-0.195194,0.146573,-0.094797,-0.217477,preparacion,1,1,S001,xiao_esp32s3_rtos_200hz,200
2026-06-19T00:42:01.696,1.2468,152370,30171,1784,1784,1783,1758,-0.195194,0.146573,-0.094797,-0.217477,preparacion,1,1,S001,xiao_esp32s3_rtos_200hz,200
2026-06-19T00:42:01.697,1.2474,152375,30172,1801,1840,1775,1768,-0.195194,0.146573,-0.094797,-0.217477,preparacion,1,1,S001,xiao_esp32s3_rtos_200hz,200
2026-06-19T00:42:01.697,1.2482,152380,30173,1737,1675,1743,1735,-0.195194,0.146573,-0.094797,-0.217477,preparacion,1,1,S001,xiao_esp32s3_rtos_200hz,200
2026-06-19T00:42:01.698,1.2491,152385,30174,1783,1748,1776,1753,-0.195194,0.146573,-0.094797,-0.217477,preparacion,1,1,S001,xiao_esp32s3_rtos_200hz,200
2026-06-19T00:42:01.699,1.2501,152390,30175,1805,1850,1781,1765,-0.195194,0.146573,-0.094797,-0.217477,preparacion,1,1,S001,xiao_esp32s3_rtos_200hz,200
2026-06-19T00:42:01.700,1.2511,152395,30176,1755,1720,1737,1733,-0.195194,0.146573,-0.094797,-0.217477,preparacion,1,1,S001,xiao_esp32s3_rtos_200hz,200
2026-06-19T00:42:01.701,1.2518,152400,30177,1729,1693,1757,1747,-0.195194,0.146573,-0.094797,-0.217477,preparacion,1,1,S001,xiao_esp32s3_rtos_200hz,200
2026-06-19T00:42:01.702,1.2525,152405,30178,1800,1869,1783,1757,-0.195194,0.146573,-0.094797,-0.217477,preparacion,1,1,S001,xiao_esp32s3_rtos_200hz,200
2026-06-19T00:42:01.816,1.3671,152410,30179,1780,1787,1755,1739,-0.604505,-0.159151,0.161821,0.054201,preparacion,1,1,S001,xiao_esp32s3_rtos_200hz,200
2026-06-19T00:42:01.817,1.3678,152415,30180,1723,1687,1745,1739,-0.604505,-0.159151,0.161821,0.054201,preparacion,1,1,S001,xiao_esp32s3_rtos_200hz,200
2026-06-19T00:42:01.818,1.3688,152420,30181,1782,1808,1777,1765,-0.604505,-0.159151,0.161821,0.054201,preparacion,1,1,S001,xiao_esp32s3_rtos_200hz,200
2026-06-19T00:42:01.819,1.3698,152425,30182,1821,1834,1791,1745,-0.604505,-0.159151,0.161821,0.054201,preparacion,1,1,S001,xiao_esp32s3_rtos_200hz,200
2026-06-19T00:42:01.820,1.3707,152430,30183,1735,1680,1755,1739,-0.604505,-0.159151,0.161821,0.054201,preparacion,1,1,S001,xiao_esp32s3_rtos_200hz,200
2026-06-19T00:42:01.821,1.3716,152435,30184,1755,1735,1765,1749,-0.604505,-0.159151,0.161821,0.054201,preparacion,1,1,S001,xiao_esp32s3_rtos_200hz,200
2026-06-19T00:42:01.822,1.3726,152440,30185,1805,1868,1784,1757,-0.604505,-0.159151,0.161821,0.054201,preparacion,1,1,S001,xiao_esp32s3_rtos_200hz,200
2026-06-19T00:42:01.823,1.3736,152445,30186,1784,1752,1747,1740,-0.604505,-0.159151,0.161821,0.054201,preparacion,1,1,S001,xiao_esp32s3_rtos_200hz,200
2026-06-19T00:42:01.824,1.3747,152450,30187,1757,1688,1752,1738,-0.604505,-0.159151,0.161821,0.054201,preparacion,1,1,S001,xiao_esp32s3_rtos_200hz,200
2026-06-19T00:42:01.825,1.3756,152455,30188,1799,1859,1808,1760,-0.604505,-0.159151,0.161821,0.054201,preparacion,1,1,S001,xiao_esp32s3_rtos_200hz,200
2026-06-19T00:42:01.826,1.3766,152460,30189,1775,1785,1752,1743,-0.604505,-0.159151,0.161821,0.054201,preparacion,1,1,S001,xiao_esp32s3_rtos_200hz,200
2026-06-19T00:42:01.827,1.3776,152465,30190,1755,1674,1741,1737,-0.604505,-0.159151,0.161821,0.054201,preparacion,1,1,S001,xiao_esp32s3_rtos_200hz,200
2026-06-19T00:42:01.828,1.3785,152470,30191,1775,1815,1789,1760,-0.604505,-0.159151,0.161821,0.054201,preparacion,1,1,S001,xiao_esp32s3_rtos_200hz,200
2026-06-19T00:42:01.829,1.3794,152475,30192,1800,1852,1788,1759,-0.604505,-0.159151,0.161821,0.054201,preparacion,1,1,S001,xiao_esp32s3_rtos_200hz,200
2026-06-19T00:42:01.830,1.3803,152480,30193,1737,1676,1768,1738,-0.604505,-0.159151,0.161821,0.054201,preparacion,1,1,S001,xiao_esp32s3_rtos_200hz,200
2026-06-19T00:42:01.830,1.3811,152485,30194,1757,1739,1771,1748,-0.604505,-0.159151,0.161821,0.054201,preparacion,1,1,S001,xiao_esp32s3_rtos_200hz,200
2026-06-19T00:42:01.831,1.3817,152490,30195,1823,1876,1783,1764,-0.604505,-0.159151,0.161821,0.054201,preparacion,1,1,S001,xiao_esp32s3_rtos_200hz,200
2026-06-19T00:42:01.832,1.3824,152495,30196,1758,1725,1739,1752,-0.604505,-0.159151,0.161821,0.054201,preparacion,1,1,S001,xiao_esp32s3_rtos_200hz,200
2026-06-19T00:42:01.832,1.3831,152500,30197,1723,1684,1757,1743,-0.604505,-0.159151,0.161821,0.054201,preparacion,1,1,S001,xiao_esp32s3_rtos_200hz,200
2026-06-19T00:42:01.833,1.3838,152505,30198,1815,1853,1799,1779,-0.604505,-0.159151,0.161821,0.054201,preparacion,1,1,S001,xiao_esp32s3_rtos_200hz,200
2026-06-19T00:42:01.834,1.3845,152510,30199,1782,1779,1759,1767,-0.604505,-0.159151,0.161821,0.054201,preparacion,1,1,S001,xiao_esp32s3_rtos_200hz,200
2026-06-19T00:42:01.835,1.3856,152515,30200,1726,1669,1739,1735,-0.604505,-0.159151,0.161821,0.054201,preparacion,1,1,S001,xiao_esp32s3_rtos_200hz,200
2026-06-19T00:42:01.836,1.3863,152520,30201,1782,1799,1785,1759,-0.604505,-0.159151,0.161821,0.054201,preparacion,1,1,S001,xiao_esp32s3_rtos_200hz,200
2026-06-19T00:42:01.836,1.3870,152525,30202,1799,1834,1789,1757,-0.604505,-0.159151,0.161821,0.054201,preparacion,1,1,S001,xiao_esp32s3_rtos_200hz,200
2026-06-19T00:42:01.837,1.3877,152530,30203,1739,1683,1743,1736,-0.604505,-0.159151,0.161821,0.054201,preparacion,1,1,S001,xiao_esp32s3_rtos_200hz,200
2026-06-19T00:42:01.838,1.3884,152535,30204,1781,1752,1767,1756,-0.604505,-0.159151,0.161821,0.054201,preparacion,1,1,S001,xiao_esp32s3_rtos_200hz,200
2026-06-19T00:42:01.839,1.3894,152540,30205,1819,1871,1791,1762,-0.604505,-0.159151,0.161821,0.054201,preparacion,1,1,S001,xiao_esp32s3_rtos_200hz,200
2026-06-19T00:42:01.840,1.3905,152545,30206,1765,1723,1741,1739,-0.604505,-0.159151,0.161821,0.054201,preparacion,1,1,S001,xiao_esp32s3_rtos_200hz,200
2026-06-19T00:42:01.956,1.5065,152550,30207,1760,1699,1759,1747,0.459949,0.008329,0.261574,0.300162,preparacion,1,1,S001,xiao_esp32s3_rtos_200hz,200
2026-06-19T00:42:01.957,1.5074,152555,30208,1804,1851,1792,1760,0.459949,0.008329,0.261574,0.300162,preparacion,1,1,S001,xiao_esp32s3_rtos_200hz,200
2026-06-19T00:42:01.957,1.5082,152560,30209,1783,1787,1751,1741,0.459949,0.008329,0.261574,0.300162,preparacion,1,1,S001,xiao_esp32s3_rtos_200hz,200
2026-06-19T00:42:01.958,1.5089,152565,30210,1736,1668,1737,1727,0.459949,0.008329,0.261574,0.300162,preparacion,1,1,S001,xiao_esp32s3_rtos_200hz,200
2026-06-19T00:42:01.959,1.5096,152570,30211,1773,1794,1783,1763,0.459949,0.008329,0.261574,0.300162,preparacion,1,1,S001,xiao_esp32s3_rtos_200hz,200
2026-06-19T00:42:01.959,1.5102,152575,30212,1801,1834,1772,1748,0.459949,0.008329,0.261574,0.300162,preparacion,1,1,S001,xiao_esp32s3_rtos_200hz,200
2026-06-19T00:42:01.960,1.5109,152580,30213,1763,1687,1751,1727,0.459949,0.008329,0.261574,0.300162,preparacion,1,1,S001,xiao_esp32s3_rtos_200hz,200
2026-06-19T00:42:01.961,1.5115,152585,30214,1753,1770,1764,1744,0.459949,0.008329,0.261574,0.300162,preparacion,1,1,S001,xiao_esp32s3_rtos_200hz,200
2026-06-19T00:42:01.961,1.5122,152590,30215,1812,1871,1787,1757,0.459949,0.008329,0.261574,0.300162,preparacion,1,1,S001,xiao_esp32s3_rtos_200hz,200
2026-06-19T00:42:01.962,1.5128,152595,30216,1771,1725,1742,1735,0.459949,0.008329,0.261574,0.300162,preparacion,1,1,S001,xiao_esp32s3_rtos_200hz,200
2026-06-19T00:42:01.963,1.5135,152600,30217,1735,1691,1757,1746,0.459949,0.008329,0.261574,0.300162,preparacion,1,1,S001,xiao_esp32s3_rtos_200hz,200
2026-06-19T00:42:01.964,1.5143,152605,30218,1805,1855,1797,1763,0.459949,0.008329,0.261574,0.300162,preparacion,1,1,S001,xiao_esp32s3_rtos_200hz,200
2026-06-19T00:42:01.965,1.5153,152610,30219,1791,1802,1755,1747,0.459949,0.008329,0.261574,0.300162,preparacion,1,1,S001,xiao_esp32s3_rtos_200hz,200
2026-06-19T00:42:01.965,1.5161,152615,30220,1727,1659,1768,1741,0.459949,0.008329,0.261574,0.300162,preparacion,1,1,S001,xiao_esp32s3_rtos_200hz,200
2026-06-19T00:42:01.966,1.5168,152620,30221,1778,1785,1783,1763,0.459949,0.008329,0.261574,0.300162,preparacion,1,1,S001,xiao_esp32s3_rtos_200hz,200
2026-06-19T00:42:01.967,1.5175,152625,30222,1807,1828,1781,1755,0.459949,0.008329,0.261574,0.300162,preparacion,1,1,S001,xiao_esp32s3_rtos_200hz,200
2026-06-19T00:42:01.968,1.5183,152630,30223,1751,1709,1738,1755,0.459949,0.008329,0.261574,0.300162,preparacion,1,1,S001,xiao_esp32s3_rtos_200hz,200
2026-06-19T00:42:01.968,1.5190,152635,30224,1752,1733,1762,1751,0.459949,0.008329,0.261574,0.300162,preparacion,1,1,S001,xiao_esp32s3_rtos_200hz,200
2026-06-19T00:42:01.969,1.5198,152640,30225,1815,1873,1791,1763,0.459949,0.008329,0.261574,0.300162,preparacion,1,1,S001,xiao_esp32s3_rtos_200hz,200
2026-06-19T00:42:01.970,1.5205,152645,30226,1763,1741,1759,1756,0.459949,0.008329,0.261574,0.300162,preparacion,1,1,S001,xiao_esp32s3_rtos_200hz,200
2026-06-19T00:42:01.970,1.5211,152650,30227,1736,1690,1736,1752,0.459949,0.008329,0.261574,0.300162,preparacion,1,1,S001,xiao_esp32s3_rtos_200hz,200
2026-06-19T00:42:01.971,1.5218,152655,30228,1803,1861,1791,1766,0.459949,0.008329,0.261574,0.300162,preparacion,1,1,S001,xiao_esp32s3_rtos_200hz,200
2026-06-19T00:42:01.972,1.5225,152660,30229,1781,1784,1755,1737,0.459949,0.008329,0.261574,0.300162,preparacion,1,1,S001,xiao_esp32s3_rtos_200hz,200
2026-06-19T00:42:01.973,1.5234,152665,30230,1734,1655,1739,1724,0.459949,0.008329,0.261574,0.300162,preparacion,1,1,S001,xiao_esp32s3_rtos_200hz,200
2026-06-19T00:42:01.974,1.5245,152670,30231,1781,1788,1783,1783,0.459949,0.008329,0.261574,0.300162,preparacion,1,1,S001,xiao_esp32s3_rtos_200hz,200
2026-06-19T00:42:01.974,1.5252,152675,30232,1803,1844,1779,1752,0.459949,0.008329,0.261574,0.300162,preparacion,1,1,S001,xiao_esp32s3_rtos_200hz,200
2026-06-19T00:42:01.975,1.5261,152680,30233,1770,1693,1732,1755,0.459949,0.008329,0.261574,0.300162,preparacion,1,1,S001,xiao_esp32s3_rtos_200hz,200
2026-06-19T00:42:02.083,1.6342,152685,30234,1757,1727,1765,1771,-0.213568,0.142943,0.380453,-0.011817,preparacion,1,1,S001,xiao_esp32s3_rtos_200hz,200
2026-06-19T00:42:02.084,1.6353,152690,30235,1836,1864,1791,1762,-0.213568,0.142943,0.380453,-0.011817,preparacion,1,1,S001,xiao_esp32s3_rtos_200hz,200
2026-06-19T00:42:02.085,1.6361,152695,30236,1760,1755,1741,1728,-0.213568,0.142943,0.380453,-0.011817,preparacion,1,1,S001,xiao_esp32s3_rtos_200hz,200
2026-06-19T00:42:02.086,1.6368,152700,30237,1733,1675,1742,1755,-0.213568,0.142943,0.380453,-0.011817,preparacion,1,1,S001,xiao_esp32s3_rtos_200hz,200
2026-06-19T00:42:02.087,1.6375,152705,30238,1803,1851,1790,1767,-0.213568,0.142943,0.380453,-0.011817,preparacion,1,1,S001,xiao_esp32s3_rtos_200hz,200
2026-06-19T00:42:02.087,1.6382,152710,30239,1775,1808,1771,1743,-0.213568,0.142943,0.380453,-0.011817,preparacion,1,1,S001,xiao_esp32s3_rtos_200hz,200
2026-06-19T00:42:02.088,1.6390,152715,30240,1737,1669,1733,1723,-0.213568,0.142943,0.380453,-0.011817,preparacion,1,1,S001,xiao_esp32s3_rtos_200hz,200
2026-06-19T00:42:02.089,1.6400,152720,30241,1773,1792,1787,1767,-0.213568,0.142943,0.380453,-0.011817,preparacion,1,1,S001,xiao_esp32s3_rtos_200hz,200
2026-06-19T00:42:02.090,1.6407,152725,30242,1805,1843,1771,1755,-0.213568,0.142943,0.380453,-0.011817,preparacion,1,1,S001,xiao_esp32s3_rtos_200hz,200
2026-06-19T00:42:02.091,1.6415,152730,30243,1743,1677,1741,1739,-0.213568,0.142943,0.380453,-0.011817,preparacion,1,1,S001,xiao_esp32s3_rtos_200hz,200
2026-06-19T00:42:02.091,1.6421,152735,30244,1751,1747,1784,1771,-0.213568,0.142943,0.380453,-0.011817,preparacion,1,1,S001,xiao_esp32s3_rtos_200hz,200
2026-06-19T00:42:02.092,1.6429,152740,30245,1811,1868,1797,1760,-0.213568,0.142943,0.380453,-0.011817,preparacion,1,1,S001,xiao_esp32s3_rtos_200hz,200
2026-06-19T00:42:02.093,1.6436,152745,30246,1763,1733,1743,1727,-0.213568,0.142943,0.380453,-0.011817,preparacion,1,1,S001,xiao_esp32s3_rtos_200hz,200
2026-06-19T00:42:02.093,1.6442,152750,30247,1751,1683,1745,1737,-0.213568,0.142943,0.380453,-0.011817,preparacion,1,1,S001,xiao_esp32s3_rtos_200hz,200
2026-06-19T00:42:02.094,1.6449,152755,30248,1799,1855,1799,1769,-0.213568,0.142943,0.380453,-0.011817,preparacion,1,1,S001,xiao_esp32s3_rtos_200hz,200
2026-06-19T00:42:02.095,1.6455,152760,30249,1787,1807,1782,1747,-0.213568,0.142943,0.380453,-0.011817,preparacion,1,1,S001,xiao_esp32s3_rtos_200hz,200
2026-06-19T00:42:02.095,1.6462,152765,30250,1751,1680,1736,1727,-0.213568,0.142943,0.380453,-0.011817,preparacion,1,1,S001,xiao_esp32s3_rtos_200hz,200
2026-06-19T00:42:02.096,1.6470,152770,30251,1773,1787,1779,1763,-0.213568,0.142943,0.380453,-0.011817,preparacion,1,1,S001,xiao_esp32s3_rtos_200hz,200
2026-06-19T00:42:02.097,1.6477,152775,30252,1805,1846,1775,1753,-0.213568,0.142943,0.380453,-0.011817,preparacion,1,1,S001,xiao_esp32s3_rtos_200hz,200
2026-06-19T00:42:02.098,1.6483,152780,30253,1770,1696,1739,1732,-0.213568,0.142943,0.380453,-0.011817,preparacion,1,1,S001,xiao_esp32s3_rtos_200hz,200
2026-06-19T00:42:02.098,1.6490,152785,30254,1755,1727,1760,1754,-0.213568,0.142943,0.380453,-0.011817,preparacion,1,1,S001,xiao_esp32s3_rtos_200hz,200
2026-06-19T00:42:02.099,1.6497,152790,30255,1812,1854,1820,1756,-0.213568,0.142943,0.380453,-0.011817,preparacion,1,1,S001,xiao_esp32s3_rtos_200hz,200
2026-06-19T00:42:02.100,1.6504,152795,30256,1759,1735,1739,1741,-0.213568,0.142943,0.380453,-0.011817,preparacion,1,1,S001,xiao_esp32s3_rtos_200hz,200
2026-06-19T00:42:02.100,1.6511,152800,30257,1737,1683,1743,1736,-0.213568,0.142943,0.380453,-0.011817,preparacion,1,1,S001,xiao_esp32s3_rtos_200hz,200
2026-06-19T00:42:02.101,1.6518,152805,30258,1808,1856,1799,1765,-0.213568,0.142943,0.380453,-0.011817,preparacion,1,1,S001,xiao_esp32s3_rtos_200hz,200
2026-06-19T00:42:02.214,1.7650,152810,30259,1789,1779,1755,1741,0.572237,-0.041265,-0.398939,0.032709,preparacion,1,1,S001,xiao_esp32s3_rtos_200hz,200
2026-06-19T00:42:02.215,1.7657,152815,30260,1735,1676,1737,1723,0.572237,-0.041265,-0.398939,0.032709,preparacion,1,1,S001,xiao_esp32s3_rtos_200hz,200
2026-06-19T00:42:02.216,1.7665,152820,30261,1785,1789,1780,1757,0.572237,-0.041265,-0.398939,0.032709,preparacion,1,1,S001,xiao_esp32s3_rtos_200hz,200
2026-06-19T00:42:02.217,1.7674,152825,30262,1799,1863,1772,1756,0.572237,-0.041265,-0.398939,0.032709,preparacion,1,1,S001,xiao_esp32s3_rtos_200hz,200
2026-06-19T00:42:02.217,1.7682,152830,30263,1743,1683,1727,1738,0.572237,-0.041265,-0.398939,0.032709,preparacion,1,1,S001,xiao_esp32s3_rtos_200hz,200
2026-06-19T00:42:02.218,1.7689,152835,30264,1753,1736,1767,1748,0.572237,-0.041265,-0.398939,0.032709,preparacion,1,1,S001,xiao_esp32s3_rtos_200hz,200
2026-06-19T00:42:02.219,1.7696,152840,30265,1811,1863,1788,1762,0.572237,-0.041265,-0.398939,0.032709,preparacion,1,1,S001,xiao_esp32s3_rtos_200hz,200
2026-06-19T00:42:02.220,1.7704,152845,30266,1769,1736,1742,1738,0.572237,-0.041265,-0.398939,0.032709,preparacion,1,1,S001,xiao_esp32s3_rtos_200hz,200
2026-06-19T00:42:02.220,1.7711,152850,30267,1741,1687,1738,1733,0.572237,-0.041265,-0.398939,0.032709,preparacion,1,1,S001,xiao_esp32s3_rtos_200hz,200
2026-06-19T00:42:02.221,1.7718,152855,30268,1809,1884,1801,1765,0.572237,-0.041265,-0.398939,0.032709,preparacion,1,1,S001,xiao_esp32s3_rtos_200hz,200
2026-06-19T00:42:02.222,1.7725,152860,30269,1799,1792,1762,1740,0.572237,-0.041265,-0.398939,0.032709,preparacion,1,1,S001,xiao_esp32s3_rtos_200hz,200
2026-06-19T00:42:02.222,1.7732,152865,30270,1726,1679,1736,1743,0.572237,-0.041265,-0.398939,0.032709,preparacion,1,1,S001,xiao_esp32s3_rtos_200hz,200
2026-06-19T00:42:02.223,1.7738,152870,30271,1775,1781,1783,1772,0.572237,-0.041265,-0.398939,0.032709,preparacion,1,1,S001,xiao_esp32s3_rtos_200hz,200
2026-06-19T00:42:02.224,1.7745,152875,30272,1799,1839,1776,1768,0.572237,-0.041265,-0.398939,0.032709,preparacion,1,1,S001,xiao_esp32s3_rtos_200hz,200
2026-06-19T00:42:02.224,1.7752,152880,30273,1736,1682,1757,1739,0.572237,-0.041265,-0.398939,0.032709,preparacion,1,1,S001,xiao_esp32s3_rtos_200hz,200
2026-06-19T00:42:02.225,1.7761,152885,30274,1753,1737,1757,1742,0.572237,-0.041265,-0.398939,0.032709,preparacion,1,1,S001,xiao_esp32s3_rtos_200hz,200
2026-06-19T00:42:02.226,1.7768,152890,30275,1813,1861,1797,1767,0.572237,-0.041265,-0.398939,0.032709,preparacion,1,1,S001,xiao_esp32s3_rtos_200hz,200
2026-06-19T00:42:02.227,1.7776,152895,30276,1767,1741,1749,1739,0.572237,-0.041265,-0.398939,0.032709,preparacion,1,1,S001,xiao_esp32s3_rtos_200hz,200
2026-06-19T00:42:02.228,1.7784,152900,30277,1740,1687,1741,1736,0.572237,-0.041265,-0.398939,0.032709,preparacion,1,1,S001,xiao_esp32s3_rtos_200hz,200
2026-06-19T00:42:02.228,1.7792,152905,30278,1808,1869,1792,1767,0.572237,-0.041265,-0.398939,0.032709,preparacion,1,1,S001,xiao_esp32s3_rtos_200hz,200
2026-06-19T00:42:02.229,1.7802,152910,30279,1804,1800,1759,1745,0.572237,-0.041265,-0.398939,0.032709,preparacion,1,1,S001,xiao_esp32s3_rtos_200hz,200
2026-06-19T00:42:02.230,1.7808,152915,30280,1730,1696,1751,1733,0.572237,-0.041265,-0.398939,0.032709,preparacion,1,1,S001,xiao_esp32s3_rtos_200hz,200
2026-06-19T00:42:02.231,1.7818,152920,30281,1775,1791,1784,1780,0.572237,-0.041265,-0.398939,0.032709,preparacion,1,1,S001,xiao_esp32s3_rtos_200hz,200
2026-06-19T00:42:02.232,1.7824,152925,30282,1801,1858,1791,1759,0.572237,-0.041265,-0.398939,0.032709,preparacion,1,1,S001,xiao_esp32s3_rtos_200hz,200
2026-06-19T00:42:02.233,1.7834,152930,30283,1755,1691,1747,1728,0.572237,-0.041265,-0.398939,0.032709,preparacion,1,1,S001,xiao_esp32s3_rtos_200hz,200
2026-06-19T00:42:02.233,1.7843,152935,30284,1750,1730,1779,1757,0.572237,-0.041265,-0.398939,0.032709,preparacion,1,1,S001,xiao_esp32s3_rtos_200hz,200
2026-06-19T00:42:02.234,1.7849,152940,30285,1811,1867,1821,1764,0.572237,-0.041265,-0.398939,0.032709,preparacion,1,1,S001,xiao_esp32s3_rtos_200hz,200
2026-06-19T00:42:02.341,1.8918,152945,30286,1758,1740,1742,1739,-0.280344,-0.273718,-0.392005,-0.269848,preparacion,1,1,S001,xiao_esp32s3_rtos_200hz,200
2026-06-19T00:42:02.342,1.8925,152950,30287,1737,1685,1739,1733,-0.280344,-0.273718,-0.392005,-0.269848,preparacion,1,1,S001,xiao_esp32s3_rtos_200hz,200
2026-06-19T00:42:02.343,1.8935,152955,30288,1802,1847,1800,1765,-0.280344,-0.273718,-0.392005,-0.269848,preparacion,1,1,S001,xiao_esp32s3_rtos_200hz,200
2026-06-19T00:42:02.344,1.8948,152960,30289,1789,1808,1762,1750,-0.280344,-0.273718,-0.392005,-0.269848,preparacion,1,1,S001,xiao_esp32s3_rtos_200hz,200
2026-06-19T00:42:02.345,1.8956,152965,30290,1760,1673,1739,1736,-0.280344,-0.273718,-0.392005,-0.269848,preparacion,1,1,S001,xiao_esp32s3_rtos_200hz,200
2026-06-19T00:42:02.346,1.8963,152970,30291,1773,1820,1776,1766,-0.280344,-0.273718,-0.392005,-0.269848,preparacion,1,1,S001,xiao_esp32s3_rtos_200hz,200
2026-06-19T00:42:02.346,1.8970,152975,30292,1803,1843,1781,1762,-0.280344,-0.273718,-0.392005,-0.269848,preparacion,1,1,S001,xiao_esp32s3_rtos_200hz,200
2026-06-19T00:42:02.347,1.8978,152980,30293,1742,1687,1739,1735,-0.280344,-0.273718,-0.392005,-0.269848,preparacion,1,1,S001,xiao_esp32s3_rtos_200hz,200
2026-06-19T00:42:02.348,1.8990,152985,30294,1751,1725,1763,1747,-0.280344,-0.273718,-0.392005,-0.269848,preparacion,1,1,S001,xiao_esp32s3_rtos_200hz,200
2026-06-19T00:42:02.349,1.9002,152990,30295,1816,1867,1791,1763,-0.280344,-0.273718,-0.392005,-0.269848,preparacion,1,1,S001,xiao_esp32s3_rtos_200hz,200
2026-06-19T00:42:02.351,1.9014,152995,30296,1757,1737,1746,1743,-0.280344,-0.273718,-0.392005,-0.269848,preparacion,1,1,S001,xiao_esp32s3_rtos_200hz,200
2026-06-19T00:42:02.352,1.9024,153000,30297,1735,1677,1739,1776,-0.280344,-0.273718,-0.392005,-0.269848,preparacion,1,1,S001,xiao_esp32s3_rtos_200hz,200
2026-06-19T00:42:02.353,1.9035,153005,30298,1800,1847,1801,1769,-0.280344,-0.273718,-0.392005,-0.269848,preparacion,1,1,S001,xiao_esp32s3_rtos_200hz,200
2026-06-19T00:42:02.354,1.9049,153010,30299,1778,1815,1759,1745,-0.280344,-0.273718,-0.392005,-0.269848,preparacion,1,1,S001,xiao_esp32s3_rtos_200hz,200
2026-06-19T00:42:02.355,1.9060,153015,30300,1734,1661,1735,1753,-0.280344,-0.273718,-0.392005,-0.269848,preparacion,1,1,S001,xiao_esp32s3_rtos_200hz,200
2026-06-19T00:42:02.356,1.9071,153020,30301,1771,1783,1778,1767,-0.280344,-0.273718,-0.392005,-0.269848,preparacion,1,1,S001,xiao_esp32s3_rtos_200hz,200
2026-06-19T00:42:02.357,1.9079,153025,30302,1803,1849,1787,1775,-0.280344,-0.273718,-0.392005,-0.269848,preparacion,1,1,S001,xiao_esp32s3_rtos_200hz,200
2026-06-19T00:42:02.359,1.9096,153030,30303,1739,1678,1735,1733,-0.280344,-0.273718,-0.392005,-0.269848,preparacion,1,1,S001,xiao_esp32s3_rtos_200hz,200
2026-06-19T00:42:02.360,1.9104,153035,30304,1751,1735,1765,1747,-0.280344,-0.273718,-0.392005,-0.269848,preparacion,1,1,S001,xiao_esp32s3_rtos_200hz,200
2026-06-19T00:42:02.360,1.9111,153040,30305,1805,1879,1792,1785,-0.280344,-0.273718,-0.392005,-0.269848,preparacion,1,1,S001,xiao_esp32s3_rtos_200hz,200
2026-06-19T00:42:02.361,1.9116,153045,30306,1763,1743,1743,1743,-0.280344,-0.273718,-0.392005,-0.269848,preparacion,1,1,S001,xiao_esp32s3_rtos_200hz,200
2026-06-19T00:42:02.361,1.9122,153050,30307,1733,1670,1763,1751,-0.280344,-0.273718,-0.392005,-0.269848,preparacion,1,1,S001,xiao_esp32s3_rtos_200hz,200
2026-06-19T00:42:02.362,1.9128,153055,30308,1805,1843,1800,1765,-0.280344,-0.273718,-0.392005,-0.269848,preparacion,1,1,S001,xiao_esp32s3_rtos_200hz,200
2026-06-19T00:42:02.363,1.9135,153060,30309,1783,1795,1758,1746,-0.280344,-0.273718,-0.392005,-0.269848,preparacion,1,1,S001,xiao_esp32s3_rtos_200hz,200
2026-06-19T00:42:02.363,1.9142,153065,30310,1741,1663,1751,1735,-0.280344,-0.273718,-0.392005,-0.269848,preparacion,1,1,S001,xiao_esp32s3_rtos_200hz,200
2026-06-19T00:42:02.364,1.9148,153070,30311,1768,1791,1776,1779,-0.280344,-0.273718,-0.392005,-0.269848,preparacion,1,1,S001,xiao_esp32s3_rtos_200hz,200
2026-06-19T00:42:02.468,2.0187,153075,30312,1811,1840,1780,1751,-0.255513,0.223295,-0.885262,-0.082536,preparacion,1,1,S001,xiao_esp32s3_rtos_200hz,200
2026-06-19T00:42:02.469,2.0194,153080,30313,1757,1693,1750,1735,-0.255513,0.223295,-0.885262,-0.082536,preparacion,1,1,S001,xiao_esp32s3_rtos_200hz,200
2026-06-19T00:42:02.469,2.0201,153085,30314,1750,1740,1775,1751,-0.255513,0.223295,-0.885262,-0.082536,preparacion,1,1,S001,xiao_esp32s3_rtos_200hz,200
2026-06-19T00:42:02.470,2.0209,153090,30315,1810,1867,1797,1765,-0.255513,0.223295,-0.885262,-0.082536,preparacion,1,1,S001,xiao_esp32s3_rtos_200hz,200
2026-06-19T00:42:02.471,2.0218,153095,30316,1795,1760,1748,1742,-0.255513,0.223295,-0.885262,-0.082536,preparacion,1,1,S001,xiao_esp32s3_rtos_200hz,200
2026-06-19T00:42:02.472,2.0224,153100,30317,1735,1699,1747,1725,-0.255513,0.223295,-0.885262,-0.082536,preparacion,1,1,S001,xiao_esp32s3_rtos_200hz,200
2026-06-19T00:42:02.472,2.0231,153105,30318,1801,1847,1791,1765,-0.255513,0.223295,-0.885262,-0.082536,preparacion,1,1,S001,xiao_esp32s3_rtos_200hz,200
2026-06-19T00:42:02.473,2.0237,153110,30319,1811,1787,1757,1748,-0.255513,0.223295,-0.885262,-0.082536,preparacion,1,1,S001,xiao_esp32s3_rtos_200hz,200
2026-06-19T00:42:02.473,2.0242,153115,30320,1735,1679,1738,1736,-0.255513,0.223295,-0.885262,-0.082536,preparacion,1,1,S001,xiao_esp32s3_rtos_200hz,200
2026-06-19T00:42:02.474,2.0248,153120,30321,1771,1779,1778,1760,-0.255513,0.223295,-0.885262,-0.082536,preparacion,1,1,S001,xiao_esp32s3_rtos_200hz,200
2026-06-19T00:42:02.475,2.0255,153125,30322,1803,1845,1781,1757,-0.255513,0.223295,-0.885262,-0.082536,preparacion,1,1,S001,xiao_esp32s3_rtos_200hz,200
2026-06-19T00:42:02.475,2.0261,153130,30323,1751,1687,1737,1735,-0.255513,0.223295,-0.885262,-0.082536,preparacion,1,1,S001,xiao_esp32s3_rtos_200hz,200
2026-06-19T00:42:02.476,2.0267,153135,30324,1751,1716,1770,1759,-0.255513,0.223295,-0.885262,-0.082536,preparacion,1,1,S001,xiao_esp32s3_rtos_200hz,200
2026-06-19T00:42:02.477,2.0275,153140,30325,1807,1875,1800,1783,-0.255513,0.223295,-0.885262,-0.082536,preparacion,1,1,S001,xiao_esp32s3_rtos_200hz,200
2026-06-19T00:42:02.477,2.0282,153145,30326,1760,1745,1747,1738,-0.255513,0.223295,-0.885262,-0.082536,preparacion,1,1,S001,xiao_esp32s3_rtos_200hz,200
2026-06-19T00:42:02.478,2.0289,153150,30327,1734,1680,1743,1751,-0.255513,0.223295,-0.885262,-0.082536,preparacion,1,1,S001,xiao_esp32s3_rtos_200hz,200
2026-06-19T00:42:02.479,2.0297,153155,30328,1800,1847,1792,1767,-0.255513,0.223295,-0.885262,-0.082536,preparacion,1,1,S001,xiao_esp32s3_rtos_200hz,200
2026-06-19T00:42:02.480,2.0303,153160,30329,1787,1801,1765,1747,-0.255513,0.223295,-0.885262,-0.082536,preparacion,1,1,S001,xiao_esp32s3_rtos_200hz,200
2026-06-19T00:42:02.480,2.0310,153165,30330,1757,1660,1755,1735,-0.255513,0.223295,-0.885262,-0.082536,preparacion,1,1,S001,xiao_esp32s3_rtos_200hz,200
2026-06-19T00:42:02.481,2.0317,153170,30331,1771,1781,1775,1751,-0.255513,0.223295,-0.885262,-0.082536,preparacion,1,1,S001,xiao_esp32s3_rtos_200hz,200
2026-06-19T00:42:02.482,2.0323,153175,30332,1813,1855,1780,1754,-0.255513,0.223295,-0.885262,-0.082536,preparacion,1,1,S001,xiao_esp32s3_rtos_200hz,200
2026-06-19T00:42:02.482,2.0330,153180,30333,1748,1679,1740,1737,-0.255513,0.223295,-0.885262,-0.082536,preparacion,1,1,S001,xiao_esp32s3_rtos_200hz,200
2026-06-19T00:42:02.483,2.0339,153185,30334,1774,1736,1765,1750,-0.255513,0.223295,-0.885262,-0.082536,preparacion,1,1,S001,xiao_esp32s3_rtos_200hz,200
2026-06-19T00:42:02.484,2.0350,153190,30335,1831,1892,1820,1767,-0.255513,0.223295,-0.885262,-0.082536,preparacion,1,1,S001,xiao_esp32s3_rtos_200hz,200
2026-06-19T00:42:02.594,2.1448,153195,30336,1765,1764,1744,1740,-0.175884,-0.680669,0.102610,-0.113826,preparacion,1,1,S001,xiao_esp32s3_rtos_200hz,200
2026-06-19T00:42:02.595,2.1455,153200,30337,1735,1673,1739,1728,-0.175884,-0.680669,0.102610,-0.113826,preparacion,1,1,S001,xiao_esp32s3_rtos_200hz,200
2026-06-19T00:42:02.595,2.1461,153205,30338,1807,1855,1789,1765,-0.175884,-0.680669,0.102610,-0.113826,preparacion,1,1,S001,xiao_esp32s3_rtos_200hz,200
2026-06-19T00:42:02.596,2.1467,153210,30339,1783,1803,1762,1755,-0.175884,-0.680669,0.102610,-0.113826,preparacion,1,1,S001,xiao_esp32s3_rtos_200hz,200
2026-06-19T00:42:02.597,2.1474,153215,30340,1727,1656,1737,1725,-0.175884,-0.680669,0.102610,-0.113826,preparacion,1,1,S001,xiao_esp32s3_rtos_200hz,200
2026-06-19T00:42:02.597,2.1480,153220,30341,1787,1799,1789,1763,-0.175884,-0.680669,0.102610,-0.113826,preparacion,1,1,S001,xiao_esp32s3_rtos_200hz,200
2026-06-19T00:42:02.598,2.1487,153225,30342,1804,1850,1765,1755,-0.175884,-0.680669,0.102610,-0.113826,preparacion,1,1,S001,xiao_esp32s3_rtos_200hz,200
2026-06-19T00:42:02.599,2.1494,153230,30343,1746,1691,1740,1739,-0.175884,-0.680669,0.102610,-0.113826,preparacion,1,1,S001,xiao_esp32s3_rtos_200hz,200
2026-06-19T00:42:02.599,2.1501,153235,30344,1753,1723,1757,1750,-0.175884,-0.680669,0.102610,-0.113826,preparacion,1,1,S001,xiao_esp32s3_rtos_200hz,200
2026-06-19T00:42:02.600,2.1508,153240,30345,1796,1869,1787,1770,-0.175884,-0.680669,0.102610,-0.113826,preparacion,1,1,S001,xiao_esp32s3_rtos_200hz,200
2026-06-19T00:42:02.601,2.1517,153245,30346,1763,1748,1741,1763,-0.175884,-0.680669,0.102610,-0.113826,preparacion,1,1,S001,xiao_esp32s3_rtos_200hz,200
2026-06-19T00:42:02.602,2.1524,153250,30347,1737,1671,1735,1735,-0.175884,-0.680669,0.102610,-0.113826,preparacion,1,1,S001,xiao_esp32s3_rtos_200hz,200
2026-06-19T00:42:02.603,2.1534,153255,30348,1791,1845,1801,1765,-0.175884,-0.680669,0.102610,-0.113826,preparacion,1,1,S001,xiao_esp32s3_rtos_200hz,200
2026-06-19T00:42:02.604,2.1544,153260,30349,1783,1797,1759,1746,-0.175884,-0.680669,0.102610,-0.113826,preparacion,1,1,S001,xiao_esp32s3_rtos_200hz,200
2026-06-19T00:42:02.605,2.1554,153265,30350,1735,1662,1735,1739,-0.175884,-0.680669,0.102610,-0.113826,preparacion,1,1,S001,xiao_esp32s3_rtos_200hz,200
2026-06-19T00:42:02.606,2.1564,153270,30351,1775,1779,1781,1755,-0.175884,-0.680669,0.102610,-0.113826,preparacion,1,1,S001,xiao_esp32s3_rtos_200hz,200
2026-06-19T00:42:02.607,2.1575,153275,30352,1819,1861,1783,1759,-0.175884,-0.680669,0.102610,-0.113826,preparacion,1,1,S001,xiao_esp32s3_rtos_200hz,200
2026-06-19T00:42:02.608,2.1584,153280,30353,1739,1685,1734,1738,-0.175884,-0.680669,0.102610,-0.113826,preparacion,1,1,S001,xiao_esp32s3_rtos_200hz,200
2026-06-19T00:42:02.608,2.1591,153285,30354,1752,1723,1757,1743,-0.175884,-0.680669,0.102610,-0.113826,preparacion,1,1,S001,xiao_esp32s3_rtos_200hz,200
2026-06-19T00:42:02.609,2.1597,153290,30355,1812,1891,1792,1771,-0.175884,-0.680669,0.102610,-0.113826,preparacion,1,1,S001,xiao_esp32s3_rtos_200hz,200
2026-06-19T00:42:02.610,2.1604,153295,30356,1799,1759,1761,1741,-0.175884,-0.680669,0.102610,-0.113826,preparacion,1,1,S001,xiao_esp32s3_rtos_200hz,200
2026-06-19T00:42:02.610,2.1610,153300,30357,1733,1663,1737,1735,-0.175884,-0.680669,0.102610,-0.113826,preparacion,1,1,S001,xiao_esp32s3_rtos_200hz,200
2026-06-19T00:42:02.611,2.1616,153305,30358,1799,1850,1790,1765,-0.175884,-0.680669,0.102610,-0.113826,preparacion,1,1,S001,xiao_esp32s3_rtos_200hz,200
2026-06-19T00:42:02.611,2.1621,153310,30359,1780,1807,1757,1736,-0.175884,-0.680669,0.102610,-0.113826,preparacion,1,1,S001,xiao_esp32s3_rtos_200hz,200
2026-06-19T00:42:02.612,2.1627,153315,30360,1735,1671,1743,1751,-0.175884,-0.680669,0.102610,-0.113826,preparacion,1,1,S001,xiao_esp32s3_rtos_200hz,200
